{
  "id": "281e4a45-5df6-40fe-987f-01bde618c86b",
  "name": "station",
  "isOverridable": true,
  "entries": [
    {
      "value": "Malahide",
      "synonyms": [
        "Malahide"
      ]
    },
    {
      "value": "Portmarnock",
      "synonyms": [
        "Portmarnock"
      ]
    },
    {
      "value": "Clongriffin",
      "synonyms": [
        "Clongriffin"
      ]
    },
    {
      "value": "Sutton",
      "synonyms": [
        "Sutton"
      ]
    },
    {
      "value": "Bayside",
      "synonyms": [
        "Bayside"
      ]
    },
    {
      "value": "Howth Junction",
      "synonyms": [
        "Howth Junction"
      ]
    },
    {
      "value": "Howth",
      "synonyms": [
        "Howth"
      ]
    },
    {
      "value": "Kilbarrack",
      "synonyms": [
        "Kilbarrack"
      ]
    },
    {
      "value": "Raheny",
      "synonyms": [
        "Raheny"
      ]
    },
    {
      "value": "Harmonstown",
      "synonyms": [
        "Harmonstown"
      ]
    },
    {
      "value": "Killester",
      "synonyms": [
        "Killester"
      ]
    },
    {
      "value": "Clontarf Road",
      "synonyms": [
        "Clontarf Road",
        "Clontarf"
      ]
    },
    {
      "value": "Dublin Connolly",
      "synonyms": [
        "Dublin Connolly",
        "Connolly",
        "Connolly Station"
      ]
    },
    {
      "value": "Tara Street",
      "synonyms": [
        "Tara Street"
      ]
    },
    {
      "value": "Dublin Pearse",
      "synonyms": [
        "Dublin Pearse",
        "Pearse",
        "Pearse Street"
      ]
    },
    {
      "value": "Grand Canal Dock",
      "synonyms": [
        "Grand Canal Dock",
        "Grand Canal"
      ]
    },
    {
      "value": "Lansdowne Road",
      "synonyms": [
        "Lansdowne Road",
        "Lansdowne"
      ]
    },
    {
      "value": "Sandymount",
      "synonyms": [
        "Sandymount"
      ]
    },
    {
      "value": "Sydney Parade",
      "synonyms": [
        "Sydney Parade"
      ]
    },
    {
      "value": "Booterstown",
      "synonyms": [
        "Booterstown"
      ]
    },
    {
      "value": "Blackrock",
      "synonyms": [
        "Blackrock"
      ]
    },
    {
      "value": "Seapoint",
      "synonyms": [
        "Seapoint"
      ]
    },
    {
      "value": "Salthill",
      "synonyms": [
        "Salthill"
      ]
    },
    {
      "value": "Dun Laoghaire",
      "synonyms": [
        "Dun Laoghaire"
      ]
    },
    {
      "value": "Sandycove",
      "synonyms": [
        "Sandycove"
      ]
    },
    {
      "value": "Glenageary",
      "synonyms": [
        "Glenageary"
      ]
    },
    {
      "value": "Dalkey",
      "synonyms": [
        "Dalkey"
      ]
    },
    {
      "value": "Killiney",
      "synonyms": [
        "Killiney"
      ]
    },
    {
      "value": "Shankill",
      "synonyms": [
        "Shankill"
      ]
    },
    {
      "value": "Bray",
      "synonyms": [
        "Bray"
      ]
    },
    {
      "value": "Greystones",
      "synonyms": [
        "Greystones"
      ]
    },
    {
      "value": "Kilcoole",
      "synonyms": [
        "Kilcoole"
      ]
    }
  ],
  "isEnum": false,
  "automatedExpansion": false
}